NAME,FILE,DESC,PRICE
Coca-Cola,https://www.purina.ca/sites/default/files/styles/social_share_large/public/purina-why-do-cats-meow-500x300.png?itok=fEnUa7ep,Mashita,1241
Coca-Cola,https://www.purina.ca/sites/default/files/styles/social_share_large/public/purina-why-do-cats-meow-500x300.png?itok=fEnUa8ep,Mashita,1242
Coca-Cola,https://www.purina.ca/sites/default/files/styles/social_share_large/public/purina-why-do-cats-meow-500x300.png?itok=fEnUa9ep,Mashita,1243
Coca-Cola,https://www.purina.ca/sites/default/files/styles/social_share_large/public/purina-why-do-cats-meow-500x300.png?itok=fEnUa10ep,Mashita,1244
Coca-Cola,https://www.purina.ca/sites/default/files/styles/social_share_large/public/purina-why-do-cats-meow-500x300.png?itok=fEnUa11ep,Mashita,1245
Coca-Cola,https://www.purina.ca/sites/default/files/styles/social_share_large/public/purina-why-do-cats-meow-500x300.png?itok=fEnUa12ep,Mashita,1246
Coca-Cola,https://www.purina.ca/sites/default/files/styles/social_share_large/public/purina-why-do-cats-meow-500x300.png?itok=fEnUa13ep,Mashita,1247
Coca-Cola,https://www.purina.ca/sites/default/files/styles/social_share_large/public/purina-why-do-cats-meow-500x300.png?itok=fEnUa14ep,Mashita,1248
Coca-Cola,https://www.purina.ca/sites/default/files/styles/social_share_large/public/purina-why-do-cats-meow-500x300.png?itok=fEnUa15ep,Mashita,1249
Coca-Cola,https://www.purina.ca/sites/default/files/styles/social_share_large/public/purina-why-do-cats-meow-500x300.png?itok=fEnUa16ep,Mashita,1250
Coca-Cola,https://www.purina.ca/sites/default/files/styles/social_share_large/public/purina-why-do-cats-meow-500x300.png?itok=fEnUa17ep,Mashita,1251
Coca-Cola,https://www.purina.ca/sites/default/files/styles/social_share_large/public/purina-why-do-cats-meow-500x300.png?itok=fEnUa18ep,Mashita,1252
Coca-Cola,https://www.purina.ca/sites/default/files/styles/social_share_large/public/purina-why-do-cats-meow-500x300.png?itok=fEnUa19ep,Mashita,1253
Coca-Cola,https://www.purina.ca/sites/default/files/styles/social_share_large/public/purina-why-do-cats-meow-500x300.png?itok=fEnUa20ep,Mashita,1254
Coca-Cola,https://www.purina.ca/sites/default/files/styles/social_share_large/public/purina-why-do-cats-meow-500x300.png?itok=fEnUa21ep,Mashita,1255
Coca-Cola,https://www.purina.ca/sites/default/files/styles/social_share_large/public/purina-why-do-cats-meow-500x300.png?itok=fEnUa22ep,Mashita,1256
Coca-Cola,https://www.purina.ca/sites/default/files/styles/social_share_large/public/purina-why-do-cats-meow-500x300.png?itok=fEnUa23ep,Mashita,1257
Coca-Cola,https://www.purina.ca/sites/default/files/styles/social_share_large/public/purina-why-do-cats-meow-500x300.png?itok=fEnUa24ep,Mashita,1258
Coca-Cola,https://www.purina.ca/sites/default/files/styles/social_share_large/public/purina-why-do-cats-meow-500x300.png?itok=fEnUa25ep,Mashita,1259
Coca-Cola,https://www.purina.ca/sites/default/files/styles/social_share_large/public/purina-why-do-cats-meow-500x300.png?itok=fEnUa26ep,Mashita,1260
Coca-Cola,https://www.purina.ca/sites/default/files/styles/social_share_large/public/purina-why-do-cats-meow-500x300.png?itok=fEnUa27ep,Mashita,1261
Coca-Cola,https://www.purina.ca/sites/default/files/styles/social_share_large/public/purina-why-do-cats-meow-500x300.png?itok=fEnUa28ep,Mashita,1262
Coca-Cola,https://www.purina.ca/sites/default/files/styles/social_share_large/public/purina-why-do-cats-meow-500x300.png?itok=fEnUa29ep,Mashita,1263
Coca-Cola,https://www.purina.ca/sites/default/files/styles/social_share_large/public/purina-why-do-cats-meow-500x300.png?itok=fEnUa30ep,Mashita,1264
Coca-Cola,https://www.purina.ca/sites/default/files/styles/social_share_large/public/purina-why-do-cats-meow-500x300.png?itok=fEnUa31ep,Mashita,1265
Coca-Cola,https://www.purina.ca/sites/default/files/styles/social_share_large/public/purina-why-do-cats-meow-500x300.png?itok=fEnUa32ep,Mashita,1266
Coca-Cola,https://www.purina.ca/sites/default/files/styles/social_share_large/public/purina-why-do-cats-meow-500x300.png?itok=fEnUa33ep,Mashita,1267
Coca-Cola,https://www.purina.ca/sites/default/files/styles/social_share_large/public/purina-why-do-cats-meow-500x300.png?itok=fEnUa34ep,Mashita,1268
Coca-Cola,https://www.purina.ca/sites/default/files/styles/social_share_large/public/purina-why-do-cats-meow-500x300.png?itok=fEnUa35ep,Mashita,1269
